Designator,Quantity,Value,Footprint,LCSC Part #
"C1, ",1,4.7uF,402,C23733
"C9, C8, ",2,10uF,402,C15525
"C10, C2, C3, C4, C5, C6, C7, ",7,100nF,402,C1525
"C11, ",1,10nF,402,C14195
"C12, C13, ",2,C_Small,402,C1570
"D1, ",1,B5819W,SOD-123,C8598
"D2, ",1,LED,805,C24499
"FB1, FB2, ",2,100ohm @ 100mHz,805,C1015
"R1, ",1,R_Small,402,C25091
"U1, ",1,AMS1117,SOT-223-3,C6186
"U2, ",1,STM32F103C8T6,LQFP-48_7.0x7.0x0.5P,C8734
"U3,",1,W25N01GV,Package_SON:WSON-8-1EP_6x5mm_P1.27mm_EP3.4x4mm,C88868
"Y1, ",1,Crystal,Crystal:Crystal_SMD_5032-2Pin_5.0x3.2mm_HandSoldering,C115962
