Designator,Value,Package,Mid X,Mid Y,Rotation,Layer
C8,10uF,C_0402_1005Metric,88.41,-111.79,270,bottom
C9,10uF,C_0402_1005Metric,98.28,-111.825,90,bottom
C10,100nF,C_0402_1005Metric,98.53,-105.91,0,bottom
D1,B5819W,D_SOD-123,87.06,-106.24,180,bottom
D2,LED,LED_0805_2012Metric,109.75,-120.5,180,bottom
FB1,100ohm @ 100mHz,L_0805_2012Metric,87.9,-109.13,90,bottom
FB2,100ohm @ 100mHz,L_0805_2012Metric,96.51,-106.8475,270,bottom
J1,USB_A,USB_A_CNCTech_1001-011-01101_Horizontal,71.75,-112,180,bottom
U1,AMS1117,SOT-223-3_TabPin2,93.35,-112.37,0,bottom
C1,4.7uF,C_0402_1005Metric,97.1,-116.475,270,top
C2,100nF,C_0402_1005Metric,98.1,-116.47,270,top
C3,100nF,C_0402_1005Metric,98.17,-115.02,0,top
C4,100nF,C_0402_1005Metric,88.72,-115.01,180,top
C5,100nF,C_0402_1005Metric,89.79,-106.51,90,top
C6,100nF,C_0402_1005Metric,88.8,-106.51,90,top
C7,100nF,C_0402_1005Metric,88.72,-116.07,180,top
C11,10nF,C_0402_1005Metric,99.685,-110.01,0,top
C12,C_Small,C_0402_1005Metric,100.04,-114.4,90,top
C13,C_Small,C_0402_1005Metric,99.66,-111.515,270,top
R1,R_Small,R_0402_1005Metric,100.59,-112.48,90,top
U2,STM32F103C8Tx,LQFP-48_7x7mm_P0.5mm,93.45,-111.35,180,top
U3,W25N01GV,WSON-8-1EP_6x5mm_P1.27mm_EP3.4x4mm,84.17,-118.29,180,top
Y1,Crystal,Crystal_SMD_5032-2Pin_5.0x3.2mm_HandSoldering,102.75,-113.9,90,top
